ts_ns,running,waiting,swapped,gpu_util_pct,gpu_mem_used_mib
1787583342765704056,0.0,0.0,,0.0,88508.0
1787583343193805707,0.0,0.0,,0.0,88508.0
1787583343625806540,0.0,0.0,,0.0,88508.0
1787583344050321161,0.0,0.0,,0.0,88508.0
1787583344475949508,0.0,0.0,,0.0,88508.0
1787583344901040016,0.0,0.0,,0.0,88508.0
1787583345328756815,0.0,0.0,,0.0,88508.0
1787583345758552656,0.0,0.0,,0.0,88508.0
1787583346185009683,0.0,0.0,,0.0,88508.0
1787583346606052470,0.0,0.0,,0.0,88508.0
1787583347031001829,0.0,0.0,,0.0,88508.0
1787583347452566424,0.0,0.0,,0.0,88508.0
1787583347877285103,0.0,0.0,,0.0,88508.0
1787583348302199808,0.0,0.0,,0.0,88508.0
1787583348727938616,0.0,0.0,,0.0,88508.0
1787583349151872774,0.0,0.0,,0.0,88508.0
1787583349577317895,0.0,0.0,,0.0,88508.0
1787583350002504752,0.0,0.0,,0.0,88508.0
1787583350444256402,0.0,0.0,,0.0,88508.0
1787583350866523729,0.0,0.0,,0.0,88508.0
1787583351294556326,0.0,0.0,,0.0,88508.0
1787583351721225923,0.0,0.0,,0.0,88508.0
1787583352152867887,0.0,0.0,,0.0,88508.0
1787583352587516770,0.0,0.0,,0.0,88508.0
1787583353009877982,0.0,0.0,,0.0,88508.0
1787583353436228580,0.0,0.0,,0.0,88508.0
1787583353859495589,0.0,0.0,,0.0,88508.0
1787583354289822199,0.0,0.0,,0.0,88508.0
1787583354722662527,0.0,0.0,,0.0,88508.0
1787583355150418333,0.0,0.0,,0.0,88508.0
1787583355574491494,0.0,0.0,,0.0,88508.0
1787583356001563064,0.0,0.0,,0.0,88508.0
1787583356431417848,0.0,0.0,,0.0,88508.0
1787583356856337640,0.0,0.0,,0.0,88508.0
1787583357280596108,0.0,0.0,,0.0,88508.0
1787583357706969714,0.0,0.0,,0.0,88508.0
1787583358131811653,0.0,0.0,,0.0,88508.0
1787583358556482845,0.0,0.0,,0.0,88508.0
1787583358980809023,0.0,0.0,,0.0,88508.0
1787583359406518424,0.0,0.0,,0.0,88508.0
1787583359832636230,0.0,0.0,,0.0,88508.0
1787583360257272030,0.0,0.0,,0.0,88508.0
1787583360682251661,0.0,0.0,,0.0,88508.0
1787583361106721675,0.0,0.0,,0.0,88508.0
1787583361534110387,0.0,0.0,,0.0,88508.0
1787583361957921220,0.0,0.0,,0.0,88508.0
1787583362385324844,0.0,0.0,,0.0,88508.0
1787583362813925585,0.0,0.0,,0.0,88508.0
1787583363239918210,0.0,0.0,,0.0,88508.0
1787583363664836658,0.0,0.0,,0.0,88508.0
1787583364092718956,0.0,0.0,,0.0,88508.0
1787583364515130182,0.0,0.0,,0.0,88508.0
1787583364940110933,0.0,0.0,,0.0,88508.0
1787583365363301496,0.0,0.0,,0.0,88508.0
1787583365788111596,0.0,0.0,,0.0,88508.0
1787583366212146550,0.0,0.0,,0.0,88508.0
1787583366636532919,0.0,0.0,,0.0,88508.0
1787583367061139025,0.0,0.0,,0.0,88508.0
1787583367485642349,0.0,0.0,,0.0,88508.0
1787583367911036144,0.0,0.0,,0.0,88508.0
1787583368337375991,0.0,0.0,,0.0,88508.0
1787583368761798614,0.0,0.0,,0.0,88508.0
1787583369187657995,0.0,0.0,,0.0,88508.0
1787583369612557116,0.0,0.0,,0.0,88508.0
1787583370037241108,0.0,0.0,,0.0,88508.0
1787583370467018966,0.0,0.0,,0.0,88508.0
1787583370893902797,0.0,0.0,,0.0,88508.0
1787583371316949908,0.0,0.0,,0.0,88508.0
1787583371741483600,0.0,0.0,,0.0,88508.0
1787583372168700989,0.0,0.0,,0.0,88508.0
1787583372599169099,0.0,0.0,,0.0,88508.0
1787583373023314514,0.0,0.0,,0.0,88508.0
1787583373450967475,0.0,0.0,,0.0,88508.0
1787583373872408682,0.0,0.0,,0.0,88508.0
1787583374301146474,0.0,0.0,,0.0,88508.0
1787583374728418582,0.0,0.0,,0.0,88508.0
1787583375154255211,0.0,0.0,,0.0,88508.0
1787583375576707364,0.0,0.0,,0.0,88508.0
1787583376010385428,0.0,0.0,,0.0,88508.0
1787583376441886947,0.0,0.0,,31.0,88510.0
1787583376973681717,140.0,0.0,,93.0,88510.0
1787583377419682908,86.0,0.0,,88.0,88510.0
1787583377864913529,0.0,0.0,,35.0,88510.0
1787583378317670169,172.0,0.0,,88.0,88510.0
1787583378781615376,64.0,0.0,,100.0,88510.0
1787583379222372335,24.0,0.0,,5.0,88510.0
1787583379671351078,160.0,0.0,,99.0,88510.0
1787583380117785514,75.0,0.0,,93.0,88510.0
1787583380565482055,56.0,0.0,,85.0,88510.0
1787583381007767815,0.0,0.0,,0.0,88510.0
1787583381457063509,0.0,0.0,,0.0,88510.0
1787583381881318193,0.0,0.0,,0.0,88510.0
1787583382312940304,0.0,0.0,,0.0,88510.0
1787583382743995808,0.0,0.0,,0.0,88510.0
1787583383170750481,0.0,0.0,,0.0,88510.0
1787583383600485289,0.0,0.0,,0.0,88510.0
1787583384026689994,0.0,0.0,,0.0,88510.0
1787583384458008947,0.0,0.0,,0.0,88510.0
1787583384882111763,0.0,0.0,,0.0,88510.0
