job,family,model,arm,n_ep,tp,cap,ep,requests,req_share_pct,prompt_tok,gen_tok,run_mean,wait_mean,kv_mean,e2e_ms
llama_unified_rep1,llama_unified,meta-llama/Llama-3.1-8B-Instruct,op,1,1,128,0,32001,100.0,16018560,281993,64.5,16.8,0.0299,951
llama_unified_rep2,llama_unified,meta-llama/Llama-3.1-8B-Instruct,op,1,1,128,0,32001,100.0,16018560,281960,67.8,28.0,0.0311,984
llama_unified_rep3,llama_unified,meta-llama/Llama-3.1-8B-Instruct,op,1,1,128,0,32001,100.0,16018560,281988,49.3,4.7,0.0229,966
llama_unified_rep1,llama_unified,meta-llama/Llama-3.1-8B-Instruct,op,1,2,256,0,32001,100.0,16018560,282640,194.0,10.4,0.041,1233
llama_unified_rep2,llama_unified,meta-llama/Llama-3.1-8B-Instruct,op,1,2,256,0,32001,100.0,16018560,282640,192.8,13.7,0.0407,1250
llama_unified_rep3,llama_unified,meta-llama/Llama-3.1-8B-Instruct,op,1,2,256,0,32001,100.0,16018560,282640,189.6,23.6,0.04,1293
llama_unified_rep1,llama_unified,meta-llama/Llama-3.1-8B-Instruct,op,2,1,256,0,16001,50.0,8010175,140989,81.3,5.2,0.0377,909
llama_unified_rep1,llama_unified,meta-llama/Llama-3.1-8B-Instruct,op,2,1,256,1,16000,50.0,8008385,141005,92.7,4.7,0.0429,963
llama_unified_rep2,llama_unified,meta-llama/Llama-3.1-8B-Instruct,op,2,1,256,0,16001,50.0,8010175,140979,114.6,0.2,0.0532,1135
llama_unified_rep2,llama_unified,meta-llama/Llama-3.1-8B-Instruct,op,2,1,256,1,16000,50.0,8008385,140993,69.6,0.8,0.0323,758
llama_unified_rep3,llama_unified,meta-llama/Llama-3.1-8B-Instruct,op,2,1,256,0,16001,50.0,8010175,140975,74.5,6.1,0.0345,899
llama_unified_rep3,llama_unified,meta-llama/Llama-3.1-8B-Instruct,op,2,1,256,1,16000,50.0,8008385,141000,93.4,5.0,0.0432,991
llama_grid_rep1,llama_grid,meta-llama/Llama-3.1-8B-Instruct,op,1,4,512,0,32001,100.0,16018560,280717,275.7,125.4,0.0273,1394
llama_grid_rep2,llama_grid,meta-llama/Llama-3.1-8B-Instruct,op,1,4,512,0,32001,100.0,16018560,280806,276.0,119.5,0.0273,1373
llama_grid_rep3,llama_grid,meta-llama/Llama-3.1-8B-Instruct,op,1,4,512,0,32001,100.0,16018560,280768,257.2,108.8,0.0254,1412
llama_unified_rep1,llama_unified,meta-llama/Llama-3.1-8B-Instruct,op,1,4,512,0,32001,100.0,16018560,282173,277.0,119.5,0.0274,1383
llama_unified_rep2,llama_unified,meta-llama/Llama-3.1-8B-Instruct,op,1,4,512,0,32001,100.0,16018560,280749,272.9,100.6,0.027,1376
llama_unified_rep3,llama_unified,meta-llama/Llama-3.1-8B-Instruct,op,1,4,512,0,32001,100.0,16018560,280774,270.0,64.4,0.0267,1398
llama_grid_rep1,llama_grid,meta-llama/Llama-3.1-8B-Instruct,op,2,2,512,0,16001,50.0,8010175,141313,153.5,1.1,0.0325,972
llama_grid_rep1,llama_grid,meta-llama/Llama-3.1-8B-Instruct,op,2,2,512,1,16000,50.0,8008385,141559,246.3,7.3,0.0521,1577
llama_grid_rep2,llama_grid,meta-llama/Llama-3.1-8B-Instruct,op,2,2,512,0,16001,50.0,8010175,141309,118.8,1.0,0.0252,735
llama_grid_rep2,llama_grid,meta-llama/Llama-3.1-8B-Instruct,op,2,2,512,1,16000,50.0,8008385,141328,272.6,17.4,0.0576,1782
llama_grid_rep3,llama_grid,meta-llama/Llama-3.1-8B-Instruct,op,2,2,512,0,16001,50.0,8010175,141316,116.6,0.2,0.0247,739
llama_grid_rep3,llama_grid,meta-llama/Llama-3.1-8B-Instruct,op,2,2,512,1,16000,50.0,8008385,141557,275.6,14.3,0.0582,1786
llama_caps128_rep1,llama_caps128,meta-llama/Llama-3.1-8B-Instruct,op,4,1,128,0,8001,25.0,4006517,70479,24.4,0.0,0.0117,274
llama_caps128_rep1,llama_caps128,meta-llama/Llama-3.1-8B-Instruct,op,4,1,128,1,8000,25.0,4004916,70489,21.8,0.0,0.0104,249
llama_caps128_rep1,llama_caps128,meta-llama/Llama-3.1-8B-Instruct,op,4,1,128,2,8000,25.0,4003658,70504,26.1,0.0,0.0125,299
llama_caps128_rep1,llama_caps128,meta-llama/Llama-3.1-8B-Instruct,op,4,1,128,3,8000,25.0,4003469,70504,26.6,0.0,0.0127,296
llama_caps128_rep2,llama_caps128,meta-llama/Llama-3.1-8B-Instruct,op,4,1,128,0,8001,25.0,4006517,70478,21.7,0.0,0.0104,248
llama_caps128_rep2,llama_caps128,meta-llama/Llama-3.1-8B-Instruct,op,4,1,128,1,8000,25.0,4004916,70488,25.3,0.0,0.0121,290
llama_caps128_rep2,llama_caps128,meta-llama/Llama-3.1-8B-Instruct,op,4,1,128,2,8000,25.0,4003658,70506,24.4,0.0,0.0117,282
llama_caps128_rep2,llama_caps128,meta-llama/Llama-3.1-8B-Instruct,op,4,1,128,3,8000,25.0,4003469,70507,25.0,0.0,0.0119,292
llama_caps128_rep3,llama_caps128,meta-llama/Llama-3.1-8B-Instruct,op,4,1,128,0,8001,25.0,4006517,70482,26.2,0.0,0.0125,294
llama_caps128_rep3,llama_caps128,meta-llama/Llama-3.1-8B-Instruct,op,4,1,128,1,8000,25.0,4004916,70490,23.8,0.0,0.0113,277
llama_caps128_rep3,llama_caps128,meta-llama/Llama-3.1-8B-Instruct,op,4,1,128,2,8000,25.0,4003658,70504,24.8,0.0,0.0119,280
llama_caps128_rep3,llama_caps128,meta-llama/Llama-3.1-8B-Instruct,op,4,1,128,3,8000,25.0,4003469,70505,23.3,0.0,0.0112,266
llama_caps_rep1,llama_caps,meta-llama/Llama-3.1-8B-Instruct,op,4,1,256,0,8001,25.0,4006517,70481,40.3,0.0,0.019,414
llama_caps_rep1,llama_caps,meta-llama/Llama-3.1-8B-Instruct,op,4,1,256,1,8000,25.0,4004916,70488,47.5,0.0,0.0223,485
llama_caps_rep1,llama_caps,meta-llama/Llama-3.1-8B-Instruct,op,4,1,256,2,8000,25.0,4003658,70504,57.7,0.0,0.027,598
llama_caps_rep1,llama_caps,meta-llama/Llama-3.1-8B-Instruct,op,4,1,256,3,8000,25.0,4003469,70506,50.7,0.0,0.0237,511
llama_caps_rep2,llama_caps,meta-llama/Llama-3.1-8B-Instruct,op,4,1,256,0,8001,25.0,4006517,70476,20.6,0.1,0.0098,535
llama_caps_rep2,llama_caps,meta-llama/Llama-3.1-8B-Instruct,op,4,1,256,1,8000,25.0,4004916,70492,31.2,0.2,0.0148,601
llama_caps_rep2,llama_caps,meta-llama/Llama-3.1-8B-Instruct,op,4,1,256,2,8000,25.0,4003658,70507,28.3,0.0,0.0134,592
llama_caps_rep2,llama_caps,meta-llama/Llama-3.1-8B-Instruct,op,4,1,256,3,8000,25.0,4003469,70503,30.8,0.3,0.0145,574
llama_caps_rep3,llama_caps,meta-llama/Llama-3.1-8B-Instruct,op,4,1,256,0,8001,25.0,4006517,70484,45.9,0.0,0.0216,485
llama_caps_rep3,llama_caps,meta-llama/Llama-3.1-8B-Instruct,op,4,1,256,1,8000,25.0,4004916,70486,51.5,0.0,0.0242,529
llama_caps_rep3,llama_caps,meta-llama/Llama-3.1-8B-Instruct,op,4,1,256,2,8000,25.0,4003658,70505,46.5,0.0,0.0217,511
llama_caps_rep3,llama_caps,meta-llama/Llama-3.1-8B-Instruct,op,4,1,256,3,8000,25.0,4003469,70506,40.9,0.0,0.0192,458
llama_grid_rep1,llama_grid,meta-llama/Llama-3.1-8B-Instruct,op,4,1,512,0,8001,25.0,4006517,70481,126.3,0.0,0.0587,1251
llama_grid_rep1,llama_grid,meta-llama/Llama-3.1-8B-Instruct,op,4,1,512,1,8000,25.0,4004916,70491,67.8,0.0,0.0316,646
llama_grid_rep1,llama_grid,meta-llama/Llama-3.1-8B-Instruct,op,4,1,512,2,8000,25.0,4003658,70504,116.3,0.0,0.0539,1124
llama_grid_rep1,llama_grid,meta-llama/Llama-3.1-8B-Instruct,op,4,1,512,3,8000,25.0,4003469,70506,91.3,0.0,0.0424,868
llama_grid_rep2,llama_grid,meta-llama/Llama-3.1-8B-Instruct,op,4,1,512,0,8001,25.0,4006517,70481,81.7,2.2,0.038,787
llama_grid_rep2,llama_grid,meta-llama/Llama-3.1-8B-Instruct,op,4,1,512,1,8000,25.0,4004916,70487,70.1,4.1,0.0327,711
llama_grid_rep2,llama_grid,meta-llama/Llama-3.1-8B-Instruct,op,4,1,512,2,8000,25.0,4003658,70505,100.0,4.2,0.0464,995
llama_grid_rep2,llama_grid,meta-llama/Llama-3.1-8B-Instruct,op,4,1,512,3,8000,25.0,4003469,70507,135.1,4.4,0.0626,1347
llama_grid_rep3,llama_grid,meta-llama/Llama-3.1-8B-Instruct,op,4,1,512,0,8001,25.0,4006517,70479,84.0,1.6,0.0391,800
llama_grid_rep3,llama_grid,meta-llama/Llama-3.1-8B-Instruct,op,4,1,512,1,8000,25.0,4004916,70489,77.7,0.0,0.0362,782
llama_grid_rep3,llama_grid,meta-llama/Llama-3.1-8B-Instruct,op,4,1,512,2,8000,25.0,4003658,70505,90.0,0.0,0.0419,918
llama_grid_rep3,llama_grid,meta-llama/Llama-3.1-8B-Instruct,op,4,1,512,3,8000,25.0,4003469,70505,135.3,4.1,0.0626,1314
llama_unified_rep1,llama_unified,meta-llama/Llama-3.1-8B-Instruct,op,4,1,512,0,8001,25.0,4006517,70482,72.1,0.0,0.0336,738
llama_unified_rep1,llama_unified,meta-llama/Llama-3.1-8B-Instruct,op,4,1,512,1,8000,25.0,4004916,70489,69.0,0.0,0.0322,732
llama_unified_rep1,llama_unified,meta-llama/Llama-3.1-8B-Instruct,op,4,1,512,2,8000,25.0,4003658,70504,90.0,0.0,0.0418,863
llama_unified_rep1,llama_unified,meta-llama/Llama-3.1-8B-Instruct,op,4,1,512,3,8000,25.0,4003469,70505,147.9,0.0,0.0684,1483
llama_unified_rep2,llama_unified,meta-llama/Llama-3.1-8B-Instruct,op,4,1,512,0,8001,25.0,4006517,70482,131.8,0.0,0.0611,1265
llama_unified_rep2,llama_unified,meta-llama/Llama-3.1-8B-Instruct,op,4,1,512,1,8000,25.0,4004916,70490,62.0,0.0,0.029,613
llama_unified_rep2,llama_unified,meta-llama/Llama-3.1-8B-Instruct,op,4,1,512,2,8000,25.0,4003658,70504,76.9,0.0,0.0358,755
llama_unified_rep2,llama_unified,meta-llama/Llama-3.1-8B-Instruct,op,4,1,512,3,8000,25.0,4003469,70507,128.9,0.0,0.0597,1229
llama_unified_rep3,llama_unified,meta-llama/Llama-3.1-8B-Instruct,op,4,1,512,0,8001,25.0,4006517,70477,76.1,0.0,0.0355,772
llama_unified_rep3,llama_unified,meta-llama/Llama-3.1-8B-Instruct,op,4,1,512,1,8000,25.0,4004916,70489,77.0,0.0,0.0359,774
llama_unified_rep3,llama_unified,meta-llama/Llama-3.1-8B-Instruct,op,4,1,512,2,8000,25.0,4003658,70504,70.0,0.0,0.0326,682
llama_unified_rep3,llama_unified,meta-llama/Llama-3.1-8B-Instruct,op,4,1,512,3,8000,25.0,4003469,70506,170.4,0.0,0.0788,1637
llama_caps_rep1,llama_caps,meta-llama/Llama-3.1-8B-Instruct,op,4,1,1024,0,8001,25.0,4006517,70481,83.9,0.0,0.039,880
llama_caps_rep1,llama_caps,meta-llama/Llama-3.1-8B-Instruct,op,4,1,1024,1,8000,25.0,4004916,70488,131.6,1.3,0.061,1299
llama_caps_rep1,llama_caps,meta-llama/Llama-3.1-8B-Instruct,op,4,1,1024,2,8000,25.0,4003658,70505,268.4,52.0,0.1237,2958
llama_caps_rep1,llama_caps,meta-llama/Llama-3.1-8B-Instruct,op,4,1,1024,3,8000,25.0,4003469,70506,247.6,4.2,0.1141,2449
llama_caps_rep2,llama_caps,meta-llama/Llama-3.1-8B-Instruct,op,4,1,1024,0,8001,25.0,4006517,70481,118.4,6.2,0.0548,1267
llama_caps_rep2,llama_caps,meta-llama/Llama-3.1-8B-Instruct,op,4,1,1024,1,8000,25.0,4004916,70488,251.9,21.2,0.1162,2703
llama_caps_rep2,llama_caps,meta-llama/Llama-3.1-8B-Instruct,op,4,1,1024,2,8000,25.0,4003658,70507,181.2,11.2,0.0835,1945
llama_caps_rep2,llama_caps,meta-llama/Llama-3.1-8B-Instruct,op,4,1,1024,3,8000,25.0,4003469,70508,172.7,12.8,0.0799,1878
llama_caps_rep3,llama_caps,meta-llama/Llama-3.1-8B-Instruct,op,4,1,1024,0,8001,25.0,4006517,70486,167.7,0.1,0.0775,1609
llama_caps_rep3,llama_caps,meta-llama/Llama-3.1-8B-Instruct,op,4,1,1024,1,8000,25.0,4004916,70488,268.3,35.4,0.1238,2780
llama_caps_rep3,llama_caps,meta-llama/Llama-3.1-8B-Instruct,op,4,1,1024,2,8000,25.0,4003658,70503,213.6,1.5,0.0985,1991
llama_caps_rep3,llama_caps,meta-llama/Llama-3.1-8B-Instruct,op,4,1,1024,3,8000,25.0,4003469,70512,112.2,1.3,0.0521,1087
llama_caps_rep1,llama_caps,meta-llama/Llama-3.1-8B-Instruct,op,4,1,2048,0,8001,25.0,4006517,70483,269.1,76.0,0.124,3034
llama_caps_rep1,llama_caps,meta-llama/Llama-3.1-8B-Instruct,op,4,1,2048,1,8000,25.0,4004916,70488,268.4,164.5,0.1238,3741
llama_caps_rep1,llama_caps,meta-llama/Llama-3.1-8B-Instruct,op,4,1,2048,2,8000,25.0,4003658,70504,269.7,207.7,0.1242,4138
llama_caps_rep1,llama_caps,meta-llama/Llama-3.1-8B-Instruct,op,4,1,2048,3,8000,25.0,4003469,70507,270.1,203.1,0.1244,4085
llama_caps_rep2,llama_caps,meta-llama/Llama-3.1-8B-Instruct,op,4,1,2048,0,8001,25.0,4006517,70482,202.7,27.4,0.0936,2367
llama_caps_rep2,llama_caps,meta-llama/Llama-3.1-8B-Instruct,op,4,1,2048,1,8000,25.0,4004916,70488,262.0,226.1,0.1209,4578
llama_caps_rep2,llama_caps,meta-llama/Llama-3.1-8B-Instruct,op,4,1,2048,2,8000,25.0,4003658,70504,263.0,191.4,0.1211,4190
llama_caps_rep2,llama_caps,meta-llama/Llama-3.1-8B-Instruct,op,4,1,2048,3,8000,25.0,4003469,70507,262.9,206.9,0.1211,4358
llama_caps_rep3,llama_caps,meta-llama/Llama-3.1-8B-Instruct,op,4,1,2048,0,8001,25.0,4006517,70483,269.4,190.6,0.1242,3919
llama_caps_rep3,llama_caps,meta-llama/Llama-3.1-8B-Instruct,op,4,1,2048,1,8000,25.0,4004916,70487,269.6,218.4,0.1244,4169
llama_caps_rep3,llama_caps,meta-llama/Llama-3.1-8B-Instruct,op,4,1,2048,2,8000,25.0,4003658,70503,269.4,190.1,0.1239,3910
llama_caps_rep3,llama_caps,meta-llama/Llama-3.1-8B-Instruct,op,4,1,2048,3,8000,25.0,4003469,70505,249.1,70.4,0.1147,2850
