epoch,utime_ticks,stime_ticks,nthreads
1785430341,4,72,2
1785430344,5,73,2
1785430347,6,74,2
1785430350,7,75,2
1785430354,7,76,2
1785430357,8,78,2
1785430360,10,78,2
1785430363,11,79,2
1785430366,11,81,2
1785430369,12,82,2
1785430372,13,83,2
1785430375,14,84,2
1785430378,14,85,2
1785430381,16,86,2
1785430384,17,87,2
1785430387,18,88,2
1785430390,19,89,2
1785430393,20,90,2
1785430396,21,91,2
1785430399,22,91,2
1785430402,24,92,2
1785430405,25,93,2
1785430408,26,94,2
1785430411,27,95,2
1785430414,28,96,2
1785430417,29,97,2
1785430420,30,98,2
1785430423,30,99,2
1785430427,31,100,2
1785430430,32,102,2
1785430433,33,102,2
1785430436,34,103,2
1785430439,34,105,2
1785430442,35,105,2
1785430445,36,106,2
1785430448,37,107,2
1785430451,39,109,2
1785430454,39,110,2
1785430457,41,110,2
1785430460,41,111,2
1785430463,43,112,2
1785430466,44,113,2
1785430469,45,113,2
1785430472,47,113,2
1785430475,49,113,2
1785430478,50,114,2
1785430481,52,114,2
1785430484,53,115,2
1785430487,54,116,2
1785430490,56,117,2
1785430493,56,118,2
1785430496,57,119,2
1785430499,57,120,2
1785430502,59,121,2
1785430505,60,122,2
1785430508,61,123,2
1785430511,62,124,2
1785430514,63,124,2
1785430517,65,125,2
1785430520,66,126,2
1785430523,68,126,2
1785430526,70,126,2
1785430529,72,126,2
1785430532,73,127,2
1785430536,74,127,2
1785430539,76,128,2
1785430542,77,128,2
1785430545,78,129,2
1785430548,79,130,2
1785430551,80,131,2
1785430554,81,132,2
1785430557,82,133,2
1785430560,83,134,2
1785430563,84,134,2
1785430566,86,135,2
1785430569,87,136,2
1785430572,88,137,2
1785430575,89,137,2
1785430578,91,137,2
1785430581,92,138,2
1785430584,94,139,2
1785430587,95,139,2
1785430590,96,139,2
1785430593,97,141,2
1785430596,97,143,2
1785430599,97,144,2
1785430602,98,145,2
1785430605,99,146,2
1785430608,101,146,2
1785430611,103,146,2
1785430614,104,147,2
1785430617,105,148,2
1785430620,107,148,2
1785430623,108,149,2
1785430626,108,150,2
1785430629,109,152,2
1785430632,111,152,2
1785430635,113,152,2
1785430638,113,154,2
1785430641,114,155,2
1785430644,116,155,2
1785430647,117,155,2
1785430650,118,157,2
1785430653,119,158,2
1785430656,120,159,2
1785430659,121,160,2
1785430662,122,161,2
1785430665,123,162,2
1785430668,124,163,2
1785430671,126,163,2
1785430674,127,163,2
1785430677,128,164,2
1785430680,130,164,2
1785430683,131,165,2
1785430686,132,166,2
1785430689,134,166,2
1785430692,135,168,2
1785430695,135,169,2
1785430698,136,170,2
1785430701,137,172,2
1785430704,138,173,2
1785430707,139,173,2
1785430710,141,173,2
1785430713,143,174,2
1785430716,144,175,2
1785430719,145,176,2
1785430722,145,177,2
1785430725,147,178,2
1785430728,149,179,2
1785430731,150,179,2
1785430734,152,180,2
1785430737,153,180,2
1785430740,154,181,2
1785430743,155,182,2
1785430746,156,183,2
1785430749,157,184,2
1785430752,158,185,2
1785430755,160,186,2
1785430758,161,186,2
1785430761,163,187,2
1785430764,164,188,2
1785430767,165,189,2
1785430770,166,189,2
1785430773,167,190,2
1785430776,168,191,2
1785430780,169,191,2
1785430783,171,192,2
1785430786,172,192,2
1785430789,173,193,2
1785430792,175,194,2
1785430795,176,195,2
1785430798,177,195,2
1785430801,179,196,2
1785430804,179,197,2
1785430807,180,199,2
1785430810,181,200,2
1785430813,183,200,2
1785430816,184,202,2
1785430819,185,202,2
1785430822,186,204,2
1785430825,187,204,2
1785430828,188,206,2
1785430831,189,206,2
1785430834,190,207,2
1785430837,191,209,2
1785430840,192,209,2
1785430843,193,210,2
1785430846,195,211,2
1785430849,196,211,2
1785430852,198,211,2
1785430855,199,212,2
1785430858,201,213,2
1785430861,202,213,2
1785430864,203,214,2
1785430867,204,215,2
1785430870,206,215,2
1785430873,207,216,2
1785430876,209,216,2
1785430879,211,216,2
1785430882,211,217,2
1785430885,213,218,2
1785430888,214,218,2
1785430891,216,219,2
1785430894,217,219,2
1785430897,218,221,2
1785430900,219,221,2
1785430903,221,222,2
1785430906,222,222,2
1785430909,223,223,2
1785430912,224,224,2
1785430915,226,225,2
1785430918,228,225,2
1785430921,229,226,2
1785430924,230,226,2
1785430927,231,227,2
1785430930,233,228,2
1785430933,234,229,2
1785430936,235,229,2
1785430939,237,230,2
1785430942,238,231,2
1785430945,240,231,2
1785430948,241,231,2
1785430951,243,231,2
1785430954,245,231,2
1785430957,247,232,2
1785430960,248,232,2
1785430963,249,234,2
1785430966,250,234,2
1785430969,252,234,2
1785430972,253,236,2
1785430975,255,236,2
1785430978,256,236,2
1785430981,257,237,2
1785430984,259,238,2
1785430987,260,238,2
1785430990,262,239,2
1785430993,263,239,2
1785430997,264,240,2
1785431000,266,240,2
1785431003,267,241,2
1785431006,268,242,2
1785431009,270,243,2
1785431012,271,244,2
1785431015,272,245,2
1785431018,273,246,2
1785431021,274,247,2
1785431024,275,248,2
1785431027,277,248,2
1785431030,278,249,2
1785431033,279,249,2
1785431036,280,250,2
1785431039,281,251,2
1785431042,281,252,2
1785431045,282,253,2
1785431048,283,253,2
1785431051,284,254,2
1785431054,285,254,2
1785431057,286,255,2
1785431060,287,255,2
1785431063,288,256,2
1785431066,288,257,2
1785431069,290,257,2
1785431072,291,257,2
1785431075,292,258,2
1785431078,293,258,2
1785431081,293,260,2
