arm,system,n,time_s,time_min,time_max,rows_s,req_s,requests,prompt_tok,gen_tok,total_tok,cache_hit_tok,cache_hit_pct,computed_tok,tok_per_row,tok_s,computed_tok_s,prefill_tok_s,decode_tok_s,survivors,precision,recall,f1,pareto_rows_f1,pareto_tok_f1
flock_op_r32,flockmtl,3,4.01,3.98,4.05,498.8,15.7,63,100964,8437,109401,17216,17.1,92185,54.7,27283.0,22990.0,25179.0,2104.0,2000,0.626,0.614,0.619,,
flock_op_r1,flockmtl,3,15.34,15.3,15.45,130.3,130.3,2000,1052030,20000,1072030,594400,56.5,477630,536.0,69868.0,31129.0,68565.0,1303.0,2000,0.85,0.901,0.867,,*
flock_op_slim_r1,flockmtl,3,6.29,6.2,6.43,318.2,318.2,2000,336030,16000,352030,205376,61.1,146654,176.0,56004.0,23331.0,53458.0,2545.0,2000,0.818,0.882,0.83,,
flock_op_slim_r2,flockmtl,3,4.76,4.6,4.79,420.1,210.1,1000,225966,12000,237966,114512,50.7,123454,119.0,49987.0,25933.0,47467.0,2521.0,2000,0.808,0.872,0.816,,
flock_op_slim_r4,flockmtl,3,3.88,3.83,4.0,515.1,128.8,500,156929,10000,166929,56656,36.1,110273,83.5,42992.0,28400.0,40416.0,2575.0,2000,0.825,0.886,0.839,,
flock_op_slim_r8,flockmtl,3,3.6,3.59,3.63,555.6,69.5,250,122410,9002,131412,28160,23.0,103252,65.7,36510.0,28686.0,34009.0,2501.0,2000,0.838,0.89,0.854,,
flock_op_slim_r16,flockmtl,3,3.59,3.58,3.6,557.3,34.8,125,106029,8504,114533,14000,13.2,100533,57.3,31915.0,28014.0,29546.0,2370.0,2000,0.855,0.902,0.871,*,*
flock_op_slim_r32,flockmtl,3,4.18,4.16,4.22,478.7,15.1,63,97903,8252,106155,6992,7.1,99163,53.1,25408.0,23735.0,23433.0,1975.0,2000,0.817,0.854,0.83,,
flock_scalar,flockmtl,3,49.46,49.31,49.47,40.4,1.3,63,100964,8433,109397,17216,17.1,92181,54.7,2212.0,1864.0,2041.0,171.0,2000,0.631,0.618,0.623,,
lotus,lotus,3,13.61,12.94,13.81,146.9,146.9,2000,376540,71105,447645,295248,78.4,152397,223.8,32886.0,11196.0,27663.0,5224.0,2000,0.794,0.856,0.793,,
palimpzest,palimpzest,3,9.37,9.35,9.74,213.4,213.4,2000,1292478,30179,1322657,1173824,90.8,148833,661.3,141111.0,15879.0,137891.0,3220.0,2000,0.828,0.89,0.841,,
