epoch,running,waiting,kv_usage
1785084864,0.0,0.0,0.0
1785084867,0.0,0.0,0.0
1785084870,0.0,0.0,0.0
1785084874,0.0,0.0,0.0
1785084877,0.0,0.0,0.0
1785084880,0.0,0.0,0.0
1785084883,0.0,0.0,0.0
1785084886,0.0,0.0,0.0
1785084889,0.0,0.0,0.0
1785084892,0.0,0.0,0.0
1785084895,0.0,0.0,0.0
1785084898,0.0,0.0,0.0
1785084901,0.0,0.0,0.0
1785084905,0.0,0.0,0.0
1785084908,0.0,0.0,0.0
1785084911,0.0,0.0,0.0
1785084914,0.0,0.0,0.0
1785084917,0.0,0.0,0.0
1785084920,0.0,0.0,0.0
1785084923,0.0,0.0,0.0
1785084926,0.0,0.0,0.0
1785084929,0.0,0.0,0.0
1785084932,0.0,0.0,0.0
1785084935,0.0,0.0,0.0
1785084938,0.0,0.0,0.0
1785084942,0.0,0.0,0.0
1785084945,0.0,0.0,0.0
1785084948,0.0,0.0,0.0
1785084951,0.0,0.0,0.0
1785084954,0.0,0.0,0.0
1785084957,0.0,0.0,0.0
1785084960,0.0,0.0,0.0
1785084963,0.0,0.0,0.0
1785084966,0.0,0.0,0.0
1785084969,0.0,0.0,0.0
1785084972,0.0,0.0,0.0
1785084975,0.0,0.0,0.0
1785084979,0.0,0.0,0.0
